target,sequences
AlphaBC1,CTGCTGAACCGCTCTTCCGATCTNNGTTCAGTCACTGGATTTAGAGTCTCTCAG
A1phaBC2,CTGCTGAACCGCTCTTCCGATCTNNCAGGAGTCACTGGATTTAGAGTCTCTCAG
AlphaBC3,CTGCTGAACCGCTCTTCCGATCTNNTTATAGTCACTGGATTTAGAGTCTCTCAG
AlphaBC4,CTGCTGAACCGCTCTTCCGATCTNNCCTGTGTCACTGGATTTAGAGTCTCTCAG
A1phaBC5,CTGCTGAACCGCTCTTCCGATCTNNACCGCGTCACTGGATTTAGAGTCTCTCAG
AlphaBC6,CTGCTGAACCGCTCTTCCGATCTNNACTTAGTCACTGGATTTAGAGTCTCTCAG
AlphaBC7,CTGCTGAACCGCTCTTCCGATCTNNGCTAGGTCACTGGATTTAGAGTCTCTCAG
AlphaBC8,CTGCTGAACCGCTCTTCCGATCTNNGACGTGTCACTGGATTTAGAGTCTCTCAG
AlphaBC9,CTGCTGAACCGCTCTTCCGATCTNNGGCTAGTCACTGGATTTAGAGTCTCTCAG
A1phaBC10,CTGCTGAACCGCTCTTCCGATCTNNGAATGGTCACTGGATTTAGAGTCTCTCAG
A1phaBC11,CTGCTGAACCGCTCTTCCGATCTNNCCAACGTCACTGGATTTAGAGTCTCTCAG
AlphaBC12,CTGCTGAACCGCTCTTCCGATCTNNGAGACGTCACTGGATTTAGAGTCTCTCAG
BetaBC1,CTGCTGAACCGCTCTTCCGATCTNNGTTCAGAGATCTCTGCTTCTGATGGCTC
BetaBC2,CTGCTGAACCGCTCTTCCGATCTNNCAGGAGAGATCTCTGCTTCTGATGGCTC
BetaBC3,CTGCTGAACCGCTCTTCCGATCTNNTTATAGAGATCTCTGCTTCTGATGGCTC
BetaBC4,CTGCTGAACCGCTCTTCCGATCTNNCCTGTGAGATCTCTGCTTCTGATGGCTC
BetaBC5,CTGCTGAACCGCTCTTCCGATCTNNACCGCGAGATCTCTGCTTCTGATGGCTC
BetaBC6,CTGCTGAACCGCTCTTCCGATCTNNACTTAGAGATCTCTGCTTCTGATGGCTC
BetaBC7,CTGCTGAACCGCTCTTCCGATCTNNGCTAGGAGATCTCTGCTTCTGATGGCTC
BetaBC8,CTGCTGAACCGCTCTTCCGATCTNNGACGTGAGATCTCTGCTTCTGATGGCTC
BetaBC9,CTGCTGAACCGCTCTTCCGATCTNNGGCTAGAGATCTCTGCTTCTGATGGCTC
BetaBC10,CTGCTGAACCGCTCTTCCGATCTNNGAATGGAGATCTCTGCTTCTGATGGCTC
BetaBC11,CTGCTGAACCGCTCTTCCGATCTNNCCAACGAGATCTCTGCTTCTGATGGCTC
BetaBC12,CTGCTGAACCGCTCTTCCGATCTNNGAGACGAGATCTCTGCTTCTGATGGCTC
PlateNN1A,CCTACACGACGCTCTTCCGATCTNNgcagaGAtaagcCCAGGGTTTTCCCAGTCACGAC
PlateNN1B,CCTACACGACGCTCTTCCGATCTNNgcagaGAtgcacCCAGGGTTTTCCCAGTCACGAC
PlateNN1C,CCTACACGACGCTCTTCCGATCTNNgcagaGActcagCCAGGGTTTTCCCAGTCACGAC
PlateNN1D,CCTACACGACGCTCTTCCGATCTNNgcagaGAggaatCCAGGGTTTTCCCAGTCACGAC
PlateNN1E,CCTACACGACGCTCTTCCGATCTNNgcagaGAcgaggCCAGGGTTTTCCCAGTCACGAC
PlateNN1F,CCTACACGACGCTCTTCCGATCTNNgcagaGAaggagCCAGGGTTTTCCCAGTCACGAC
PlateNN1G,CCTACACGACGCTCTTCCGATCTNNgcagaGAtgttgCCAGGGTTTTCCCAGTCACGAC
PlateNN1H,CCTACACGACGCTCTTCCGATCTNNgcagaGAcaactCCAGGGTTTTCCCAGTCACGAC
PlateNN2A,CCTACACGACGCTCTTCCGATCTNNtcgaaGAtaagcCCAGGGTTTTCCCAGTCACGAC
PlateNN2B,CCTACACGACGCTCTTCCGATCTNNtcgaaGAtgcacCCAGGGTTTTCCCAGTCACGAC
PlateNN2C,CCTACACGACGCTCTTCCGATCTNNtcgaaGActcagCCAGGGTTTTCCCAGTCACGAC
PlateNN2D,CCTACACGACGCTCTTCCGATCTNNtcgaaGAggaatCCAGGGTTTTCCCAGTCACGAC
PlateNN2E,CCTACACGACGCTCTTCCGATCTNNtcgaaGAcgaggCCAGGGTTTTCCCAGTCACGAC
PlateNN2F,CCTACACGACGCTCTTCCGATCTNNtcgaaGAaggagCCAGGGTTTTCCCAGTCACGAC
PlateNN2G,CCTACACGACGCTCTTCCGATCTNNtcgaaGAtgttgCCAGGGTTTTCCCAGTCACGAC
PlateNN2H,CCTACACGACGCTCTTCCGATCTNNtcgaaGAcaactCCAGGGTTTTCCCAGTCACGAC
PlateNN3A,CCTACACGACGCTCTTCCGATCTNNaacaaGAtaagcCCAGGGTTTTCCCAGTCACGAC
PlateNN3B,CCTACACGACGCTCTTCCGATCTNNaacaaGAtgcacCCAGGGTTTTCCCAGTCACGAC
PlateNN3C,CCTACACGACGCTCTTCCGATCTNNaacaaGActcagCCAGGGTTTTCCCAGTCACGAC
PlateNN3D,CCTACACGACGCTCTTCCGATCTNNaacaaGAggaatCCAGGGTTTTCCCAGTCACGAC
PlateNN3E,CCTACACGACGCTCTTCCGATCTNNaacaaGAcgaggCCAGGGTTTTCCCAGTCACGAC
PlateNN3F,CCTACACGACGCTCTTCCGATCTNNaacaaGAaggagCCAGGGTTTTCCCAGTCACGAC
PlateNN3G,CCTACACGACGCTCTTCCGATCTNNaacaaGAtgttgCCAGGGTTTTCCCAGTCACGAC
PlateNN3H,CCTACACGACGCTCTTCCGATCTNNaacaaGAcaactCCAGGGTTTTCCCAGTCACGAC
PlateNN4A,CCTACACGACGCTCTTCCGATCTNNggtgcGAtaagcCCAGGGTTTTCCCAGTCACGAC
PlateNN4B,CCTACACGACGCTCTTCCGATCTNNggtgcGAtgcacCCAGGGTTTTCCCAGTCACGAC
PlateNN4C,CCTACACGACGCTCTTCCGATCTNNggtgcGActcagCCAGGGTTTTCCCAGTCACGAC
PlateNN4D,CCTACACGACGCTCTTCCGATCTNNggtgcGAggaatCCAGGGTTTTCCCAGTCACGAC
PlateNN4E,CCTACACGACGCTCTTCCGATCTNNggtgcGAcgaggCCAGGGTTTTCCCAGTCACGAC
PlateNN4F,CCTACACGACGCTCTTCCGATCTNNggtgcGAaggagCCAGGGTTTTCCCAGTCACGAC
PlateNN4G,CCTACACGACGCTCTTCCGATCTNNggtgcGAtgttgCCAGGGTTTTCCCAGTCACGAC
PlateNN4H,CCTACACGACGCTCTTCCGATCTNNggtgcGAcaactCCAGGGTTTTCCCAGTCACGAC
PlateNN5A,CCTACACGACGCTCTTCCGATCTNNttggtGAtaagcCCAGGGTTTTCCCAGTCACGAC
PlateNN5B,CCTACACGACGCTCTTCCGATCTNNttggtGAtgcacCCAGGGTTTTCCCAGTCACGAC
PlateNN5C,CCTACACGACGCTCTTCCGATCTNNttggtGActcagCCAGGGTTTTCCCAGTCACGAC
PlateNN5D,CCTACACGACGCTCTTCCGATCTNNttggtGAggaatCCAGGGTTTTCCCAGTCACGAC
PlateNN5E,CCTACACGACGCTCTTCCGATCTNNttggtGAcgaggCCAGGGTTTTCCCAGTCACGAC
PlateNN5F,CCTACACGACGCTCTTCCGATCTNNttggtGAaggagCCAGGGTTTTCCCAGTCACGAC
PlateNN5G,CCTACACGACGCTCTTCCGATCTNNttggtGAtgttgCCAGGGTTTTCCCAGTCACGAC
PlateNN5H,CCTACACGACGCTCTTCCGATCTNNttggtGAcaactCCAGGGTTTTCCCAGTCACGAC
PlateNN6A,CCTACACGACGCTCTTCCGATCTNNcattcGAtaagcCCAGGGTTTTCCCAGTCACGAC
PlateNN6B,CCTACACGACGCTCTTCCGATCTNNcattcGAtgcacCCAGGGTTTTCCCAGTCACGAC
PlateNN6C,CCTACACGACGCTCTTCCGATCTNNcattcGActcagCCAGGGTTTTCCCAGTCACGAC
PlateNN6D,CCTACACGACGCTCTTCCGATCTNNcattcGAggaatCCAGGGTTTTCCCAGTCACGAC
PlateNN6E,CCTACACGACGCTCTTCCGATCTNNcattcGAcgaggCCAGGGTTTTCCCAGTCACGAC
PlateNN6F,CCTACACGACGCTCTTCCGATCTNNcattcGAaggagCCAGGGTTTTCCCAGTCACGAC
PlateNN6G,CCTACACGACGCTCTTCCGATCTNNcattcGAtgttgCCAGGGTTTTCCCAGTCACGAC
PlateNN6H,CCTACACGACGCTCTTCCGATCTNNcattcGAcaactCCAGGGTTTTCCCAGTCACGAC
PlateNN7A,CCTACACGACGCTCTTCCGATCTNNattggGAtaagcCCAGGGTTTTCCCAGTCACGAC
PlateNN7B,CCTACACGACGCTCTTCCGATCTNNattggGAtgcacCCAGGGTTTTCCCAGTCACGAC
PlateNN7C,CCTACACGACGCTCTTCCGATCTNNattggGActcagCCAGGGTTTTCCCAGTCACGAC
PlateNN7D,CCTACACGACGCTCTTCCGATCTNNattggGAggaatCCAGGGTTTTCCCAGTCACGAC
PlateNN7E,CCTACACGACGCTCTTCCGATCTNNattggGAcgaggCCAGGGTTTTCCCAGTCACGAC
PlateNN7F,CCTACACGACGCTCTTCCGATCTNNattggGAaggagCCAGGGTTTTCCCAGTCACGAC
PlateNN7G,CCTACACGACGCTCTTCCGATCTNNattggGAtgttgCCAGGGTTTTCCCAGTCACGAC
PlateNN7H,CCTACACGACGCTCTTCCGATCTNNattggGAcaactCCAGGGTTTTCCCAGTCACGAC
PlateNN8A,CCTACACGACGCTCTTCCGATCTNNcggttGAtaagcCCAGGGTTTTCCCAGTCACGAC
PlateNN8B,CCTACACGACGCTCTTCCGATCTNNcggttGAtgcacCCAGGGTTTTCCCAGTCACGAC
PlateNN8C,CCTACACGACGCTCTTCCGATCTNNcggttGActcagCCAGGGTTTTCCCAGTCACGAC
PlateNN8D,CCTACACGACGCTCTTCCGATCTNNcggttGAggaatCCAGGGTTTTCCCAGTCACGAC
PlateNN8E,CCTACACGACGCTCTTCCGATCTNNcggttGAcgaggCCAGGGTTTTCCCAGTCACGAC
PlateNN8F,CCTACACGACGCTCTTCCGATCTNNcggttGAaggagCCAGGGTTTTCCCAGTCACGAC
PlateNN8G,CCTACACGACGCTCTTCCGATCTNNcggttGAtgttgCCAGGGTTTTCCCAGTCACGAC
PlateNN8H,CCTACACGACGCTCTTCCGATCTNNcggttGAcaactCCAGGGTTTTCCCAGTCACGAC
PlateNN9A,CCTACACGACGCTCTTCCGATCTNNatcctGAtaagcCCAGGGTTTTCCCAGatcctAC
PlateNN9B,CCTACACGACGCTCTTCCGATCTNNatcctGAtgcacCCAGGGTTTTCCCAGatcctAC
PlateNN9C,CCTACACGACGCTCTTCCGATCTNNatcctGActcagCCAGGGTTTTCCCAGatcctAC
PlateNN9D,CCTACACGACGCTCTTCCGATCTNNatcctGAggaatCCAGGGTTTTCCCAGatcctAC
PlateNN9E,CCTACACGACGCTCTTCCGATCTNNatcctGAcgaggCCAGGGTTTTCCCAGatcctAC
PlateNN9F,CCTACACGACGCTCTTCCGATCTNNatcctGAaggagCCAGGGTTTTCCCAGatcctAC
PlateNN9G,CCTACACGACGCTCTTCCGATCTNNatcctGAtgttgCCAGGGTTTTCCCAGatcctAC
PlateNN9H,CCTACACGACGCTCTTCCGATCTNNatcctGAcaactCCAGGGTTTTCCCAGatcctAC
PlateNN10A,CCTACACGACGCTCTTCCGATCTNNatgtcGAtaagcCCAGGGTTTTCCCAGatgtcAC
PlateNN10B,CCTACACGACGCTCTTCCGATCTNNatgtcGAtgcacCCAGGGTTTTCCCAGatgtcAC
PlateNN10C,CCTACACGACGCTCTTCCGATCTNNatgtcGActcagCCAGGGTTTTCCCAGatgtcAC
PlateNN10D,CCTACACGACGCTCTTCCGATCTNNatgtcGAggaatCCAGGGTTTTCCCAGatgtcAC
PlateNN10E,CCTACACGACGCTCTTCCGATCTNNatgtcGAcgaggCCAGGGTTTTCCCAGatgtcAC
PlateNN10F,CCTACACGACGCTCTTCCGATCTNNatgtcGAaggagCCAGGGTTTTCCCAGatgtcAC
PlateNN10G,CCTACACGACGCTCTTCCGATCTNNatgtcGAtgttgCCAGGGTTTTCCCAGatgtcAC
PlateNN10H,CCTACACGACGCTCTTCCGATCTNNatgtcGAcaactCCAGGGTTTTCCCAGatgtcAC
PlateNN11A,CCTACACGACGCTCTTCCGATCTNNtcacgGAtaagcCCAGGGTTTTCCCAGTCACGAC
PlateNN11B,CCTACACGACGCTCTTCCGATCTNNtcacgGAtgcacCCAGGGTTTTCCCAGTCACGAC
PlateNN11C,CCTACACGACGCTCTTCCGATCTNNtcacgGActcagCCAGGGTTTTCCCAGTCACGAC
PlateNN11D,CCTACACGACGCTCTTCCGATCTNNtcacgGAggaatCCAGGGTTTTCCCAGTCACGAC
PlateNN11E,CCTACACGACGCTCTTCCGATCTNNtcacgGAcgaggCCAGGGTTTTCCCAGTCACGAC
PlateNN11F,CCTACACGACGCTCTTCCGATCTNNtcacgGAaggagCCAGGGTTTTCCCAGTCACGAC
PlateNN11G,CCTACACGACGCTCTTCCGATCTNNtcacgGAtgttgCCAGGGTTTTCCCAGTCACGAC
PlateNN11H,CCTACACGACGCTCTTCCGATCTNNtcacgGAcaactCCAGGGTTTTCCCAGTCACGAC
PlateNN12A,CCTACACGACGCTCTTCCGATCTNNagaccGAtaagcCCAGGGTTTTCCCAGTCACGAC
PlateNN12B,CCTACACGACGCTCTTCCGATCTNNagaccGAtgcacCCAGGGTTTTCCCAGTCACGAC
PlateNN12C,CCTACACGACGCTCTTCCGATCTNNagaccGActcagCCAGGGTTTTCCCAGTCACGAC
PlateNN12D,CCTACACGACGCTCTTCCGATCTNNagaccGAggaatCCAGGGTTTTCCCAGTCACGAC
PlateNN12E,CCTACACGACGCTCTTCCGATCTNNagaccGAcgaggCCAGGGTTTTCCCAGTCACGAC
PlateNN12F,CCTACACGACGCTCTTCCGATCTNNagaccGAaggagCCAGGGTTTTCCCAGTCACGAC
PlateNN12G,CCTACACGACGCTCTTCCGATCTNNagaccGAtgttgCCAGGGTTTTCCCAGTCACGAC
PlateNN12H,CCTACACGACGCTCTTCCGATCTNNagaccGAcaactCCAGGGTTTTCCCAGTCACGAC
PlateNN13A,CCTACACGACGCTCTTCCGATCTNNccccaGAtaagcCCAGGGTTTTCCCAGTCACGAC
PlateNN13B,CCTACACGACGCTCTTCCGATCTNNccccaGAtgcacCCAGGGTTTTCCCAGTCACGAC
PlateNN13C,CCTACACGACGCTCTTCCGATCTNNccccaGActcagCCAGGGTTTTCCCAGTCACGAC
PlateNN13D,CCTACACGACGCTCTTCCGATCTNNccccaGAggaatCCAGGGTTTTCCCAGTCACGAC
PlateNN13E,CCTACACGACGCTCTTCCGATCTNNccccaGAcgaggCCAGGGTTTTCCCAGTCACGAC
PlateNN13F,CCTACACGACGCTCTTCCGATCTNNccccaGAaggagCCAGGGTTTTCCCAGTCACGAC
PlateNN13G,CCTACACGACGCTCTTCCGATCTNNccccaGAtgttgCCAGGGTTTTCCCAGTCACGAC
PlateNN13H,CCTACACGACGCTCTTCCGATCTNNccccaGAcaactCCAGGGTTTTCCCAGTCACGAC
PlateNN14A,CCTACACGACGCTCTTCCGATCTNNgcgctGAtaagcCCAGGGTTTTCCCAGTCACGAC
PlateNN14B,CCTACACGACGCTCTTCCGATCTNNgcgctGAtgcacCCAGGGTTTTCCCAGTCACGAC
PlateNN14C,CCTACACGACGCTCTTCCGATCTNNgcgctGActcagCCAGGGTTTTCCCAGTCACGAC
PlateNN14D,CCTACACGACGCTCTTCCGATCTNNgcgctGAggaatCCAGGGTTTTCCCAGTCACGAC
PlateNN14E,CCTACACGACGCTCTTCCGATCTNNgcgctGAcgaggCCAGGGTTTTCCCAGTCACGAC
PlateNN14F,CCTACACGACGCTCTTCCGATCTNNgcgctGAaggagCCAGGGTTTTCCCAGTCACGAC
PlateNN14G,CCTACACGACGCTCTTCCGATCTNNgcgctGAtgttgCCAGGGTTTTCCCAGTCACGAC
PlateNN14H,CCTACACGACGCTCTTCCGATCTNNgcgctGAcaactCCAGGGTTTTCCCAGTCACGAC
PlateNN15A,CCTACACGACGCTCTTCCGATCTNNtccttGAtaagcCCAGGGTTTTCCCAGTCACGAC
PlateNN15B,CCTACACGACGCTCTTCCGATCTNNtccttGAtgcacCCAGGGTTTTCCCAGTCACGAC
PlateNN15C,CCTACACGACGCTCTTCCGATCTNNtccttGActcagCCAGGGTTTTCCCAGTCACGAC
PlateNN15D,CCTACACGACGCTCTTCCGATCTNNtccttGAggaatCCAGGGTTTTCCCAGTCACGAC
PlateNN15E,CCTACACGACGCTCTTCCGATCTNNtccttGAcgaggCCAGGGTTTTCCCAGTCACGAC
PlateNN15F,CCTACACGACGCTCTTCCGATCTNNtccttGAaggagCCAGGGTTTTCCCAGTCACGAC
PlateNN15G,CCTACACGACGCTCTTCCGATCTNNtccttGAtgttgCCAGGGTTTTCCCAGTCACGAC
PlateNN15H,CCTACACGACGCTCTTCCGATCTNNtccttGAcaactCCAGGGTTTTCCCAGTCACGAC
PlateNN16A,CCTACACGACGCTCTTCCGATCTNNtatatGAtaagcCCAGGGTTTTCCCAGTCACGAC
PlateNN16B,CCTACACGACGCTCTTCCGATCTNNtatatGAtgcacCCAGGGTTTTCCCAGTCACGAC
PlateNN16C,CCTACACGACGCTCTTCCGATCTNNtatatGActcagCCAGGGTTTTCCCAGTCACGAC
PlateNN16D,CCTACACGACGCTCTTCCGATCTNNtatatGAggaatCCAGGGTTTTCCCAGTCACGAC
PlateNN16E,CCTACACGACGCTCTTCCGATCTNNtatatGAcgaggCCAGGGTTTTCCCAGTCACGAC
PlateNN16F,CCTACACGACGCTCTTCCGATCTNNtatatGAaggagCCAGGGTTTTCCCAGTCACGAC
PlateNN16G,CCTACACGACGCTCTTCCGATCTNNtatatGAtgttgCCAGGGTTTTCCCAGTCACGAC
PlateNN16H,CCTACACGACGCTCTTCCGATCTNNtatatGAcaactCCAGGGTTTTCCCAGTCACGAC
PlateNN17A,CCTACACGACGCTCTTCCGATCTNNcgtaaGAtaagcCCAGGGTTTTCCCAGTCACGAC
PlateNN17B,CCTACACGACGCTCTTCCGATCTNNcgtaaGAtgcacCCAGGGTTTTCCCAGTCACGAC
PlateNN17C,CCTACACGACGCTCTTCCGATCTNNcgtaaGActcagCCAGGGTTTTCCCAGTCACGAC
PlateNN17D,CCTACACGACGCTCTTCCGATCTNNcgtaaGAggaatCCAGGGTTTTCCCAGTCACGAC
PlateNN17E,CCTACACGACGCTCTTCCGATCTNNcgtaaGAcgaggCCAGGGTTTTCCCAGTCACGAC
PlateNN17F,CCTACACGACGCTCTTCCGATCTNNcgtaaGAaggagCCAGGGTTTTCCCAGTCACGAC
PlateNN17G,CCTACACGACGCTCTTCCGATCTNNcgtaaGAtgttgCCAGGGTTTTCCCAGTCACGAC
PlateNN17H,CCTACACGACGCTCTTCCGATCTNNcgtaaGAcaactCCAGGGTTTTCCCAGTCACGAC
PlateNN18A,CCTACACGACGCTCTTCCGATCTNNaaggtGAtaagcCCAGGGTTTTCCCAGTCACGAC
PlateNN18B,CCTACACGACGCTCTTCCGATCTNNaaggtGAtgcacCCAGGGTTTTCCCAGTCACGAC
PlateNN18C,CCTACACGACGCTCTTCCGATCTNNaaggtGActcagCCAGGGTTTTCCCAGTCACGAC
PlateNN18D,CCTACACGACGCTCTTCCGATCTNNaaggtGAggaatCCAGGGTTTTCCCAGTCACGAC
PlateNN18E,CCTACACGACGCTCTTCCGATCTNNaaggtGAcgaggCCAGGGTTTTCCCAGTCACGAC
PlateNN18F,CCTACACGACGCTCTTCCGATCTNNaaggtGAaggagCCAGGGTTTTCCCAGTCACGAC
PlateNN18G,CCTACACGACGCTCTTCCGATCTNNaaggtGAtgttgCCAGGGTTTTCCCAGTCACGAC
PlateNN18H,CCTACACGACGCTCTTCCGATCTNNaaggtGAcaactCCAGGGTTTTCCCAGTCACGAC
PlateNN19A,CCTACACGACGCTCTTCCGATCTNNagctcGAtaagcCCAGGGTTTTCCCAGTCACGAC
PlateNN19B,CCTACACGACGCTCTTCCGATCTNNagctcGAtgcacCCAGGGTTTTCCCAGTCACGAC
PlateNN19C,CCTACACGACGCTCTTCCGATCTNNagctcGActcagCCAGGGTTTTCCCAGTCACGAC
PlateNN19D,CCTACACGACGCTCTTCCGATCTNNagctcGAggaatCCAGGGTTTTCCCAGTCACGAC
PlateNN19E,CCTACACGACGCTCTTCCGATCTNNagctcGAcgaggCCAGGGTTTTCCCAGTCACGAC
PlateNN19F,CCTACACGACGCTCTTCCGATCTNNagctcGAaggagCCAGGGTTTTCCCAGTCACGAC
PlateNN19G,CCTACACGACGCTCTTCCGATCTNNagctcGAtgttgCCAGGGTTTTCCCAGTCACGAC
PlateNN19H,CCTACACGACGCTCTTCCGATCTNNagctcGAcaactCCAGGGTTTTCCCAGTCACGAC
PlateNN20A,CCTACACGACGCTCTTCCGATCTNNcctgcGAtaagcCCAGGGTTTTCCCAGTCACGAC
PlateNN20B,CCTACACGACGCTCTTCCGATCTNNcctgcGAtgcacCCAGGGTTTTCCCAGTCACGAC
PlateNN20C,CCTACACGACGCTCTTCCGATCTNNcctgcGActcagCCAGGGTTTTCCCAGTCACGAC
PlateNN20D,CCTACACGACGCTCTTCCGATCTNNcctgcGAggaatCCAGGGTTTTCCCAGTCACGAC
PlateNN20E,CCTACACGACGCTCTTCCGATCTNNcctgcGAcgaggCCAGGGTTTTCCCAGTCACGAC
PlateNN20F,CCTACACGACGCTCTTCCGATCTNNcctgcGAaggagCCAGGGTTTTCCCAGTCACGAC
PlateNN20G,CCTACACGACGCTCTTCCGATCTNNcctgcGAtgttgCCAGGGTTTTCCCAGTCACGAC
PlateNN20H,CCTACACGACGCTCTTCCGATCTNNcctgcGAcaactCCAGGGTTTTCCCAGTCACGAC
PlateNN21A,CCTACACGACGCTCTTCCGATCTNNgtatcGAtaagcCCAGGGTTTTCCCAGTCACGAC
PlateNN21B,CCTACACGACGCTCTTCCGATCTNNgtatcGAtgcacCCAGGGTTTTCCCAGTCACGAC
PlateNN21C,CCTACACGACGCTCTTCCGATCTNNgtatcGActcagCCAGGGTTTTCCCAGTCACGAC
PlateNN21D,CCTACACGACGCTCTTCCGATCTNNgtatcGAggaatCCAGGGTTTTCCCAGTCACGAC
PlateNN21E,CCTACACGACGCTCTTCCGATCTNNgtatcGAcgaggCCAGGGTTTTCCCAGTCACGAC
PlateNN21F,CCTACACGACGCTCTTCCGATCTNNgtatcGAaggagCCAGGGTTTTCCCAGTCACGAC
PlateNN21G,CCTACACGACGCTCTTCCGATCTNNgtatcGAtgttgCCAGGGTTTTCCCAGTCACGAC
PlateNN21H,CCTACACGACGCTCTTCCGATCTNNgtatcGAcaactCCAGGGTTTTCCCAGTCACGAC
PlateNN22A,CCTACACGACGCTCTTCCGATCTNNtatgaGAtaagcCCAGGGTTTTCCCAGTCACGAC
PlateNN22B,CCTACACGACGCTCTTCCGATCTNNtatgaGAtgcacCCAGGGTTTTCCCAGTCACGAC
PlateNN22C,CCTACACGACGCTCTTCCGATCTNNtatgaGActcagCCAGGGTTTTCCCAGTCACGAC
PlateNN22D,CCTACACGACGCTCTTCCGATCTNNtatgaGAggaatCCAGGGTTTTCCCAGTCACGAC
PlateNN22E,CCTACACGACGCTCTTCCGATCTNNtatgaGAcgaggCCAGGGTTTTCCCAGTCACGAC
PlateNN22F,CCTACACGACGCTCTTCCGATCTNNtatgaGAaggagCCAGGGTTTTCCCAGTCACGAC
PlateNN22G,CCTACACGACGCTCTTCCGATCTNNtatgaGAtgttgCCAGGGTTTTCCCAGTCACGAC
PlateNN22H,CCTACACGACGCTCTTCCGATCTNNtatgaGAcaactCCAGGGTTTTCCCAGTCACGAC
PlateNN23A,CCTACACGACGCTCTTCCGATCTNNcacacGAtaagcCCAGGGTTTTCCCAGTCACGAC
PlateNN23B,CCTACACGACGCTCTTCCGATCTNNcacacGAtgcacCCAGGGTTTTCCCAGTCACGAC
PlateNN23C,CCTACACGACGCTCTTCCGATCTNNcacacGActcagCCAGGGTTTTCCCAGTCACGAC
PlateNN23D,CCTACACGACGCTCTTCCGATCTNNcacacGAggaatCCAGGGTTTTCCCAGTCACGAC
PlateNN23E,CCTACACGACGCTCTTCCGATCTNNcacacGAcgaggCCAGGGTTTTCCCAGTCACGAC
PlateNN23F,CCTACACGACGCTCTTCCGATCTNNcacacGAaggagCCAGGGTTTTCCCAGTCACGAC
PlateNN23G,CCTACACGACGCTCTTCCGATCTNNcacacGAtgttgCCAGGGTTTTCCCAGTCACGAC
PlateNN23H,CCTACACGACGCTCTTCCGATCTNNcacacGAcaactCCAGGGTTTTCCCAGTCACGAC
PlateNN24A,CCTACACGACGCTCTTCCGATCTNNacactGAtaagcCCAGGGTTTTCCCAGTCACGAC
PlateNN24B,CCTACACGACGCTCTTCCGATCTNNacactGAtgcacCCAGGGTTTTCCCAGTCACGAC
PlateNN24C,CCTACACGACGCTCTTCCGATCTNNacactGActcagCCAGGGTTTTCCCAGTCACGAC
PlateNN24D,CCTACACGACGCTCTTCCGATCTNNacactGAggaatCCAGGGTTTTCCCAGTCACGAC
PlateNN24E,CCTACACGACGCTCTTCCGATCTNNacactGAcgaggCCAGGGTTTTCCCAGTCACGAC
PlateNN24F,CCTACACGACGCTCTTCCGATCTNNacactGAaggagCCAGGGTTTTCCCAGTCACGAC
PlateNN24G,CCTACACGACGCTCTTCCGATCTNNacactGAtgttgCCAGGGTTTTCCCAGTCACGAC
PlateNN24H,CCTACACGACGCTCTTCCGATCTNNacactGAcaactCCAGGGTTTTCCCAGTCACGAC
PlateNN25A,CCTACACGACGCTCTTCCGATCTNNactacGAtaagcCCAGGGTTTTCCCAGTCACGAC
PlateNN25B,CCTACACGACGCTCTTCCGATCTNNactacGAtgcacCCAGGGTTTTCCCAGTCACGAC
PlateNN25C,CCTACACGACGCTCTTCCGATCTNNactacGActcagCCAGGGTTTTCCCAGTCACGAC
PlateNN25D,CCTACACGACGCTCTTCCGATCTNNactacGAggaatCCAGGGTTTTCCCAGTCACGAC
PlateNN25E,CCTACACGACGCTCTTCCGATCTNNactacGAcgaggCCAGGGTTTTCCCAGTCACGAC
PlateNN25F,CCTACACGACGCTCTTCCGATCTNNactacGAaggagCCAGGGTTTTCCCAGTCACGAC
PlateNN25G,CCTACACGACGCTCTTCCGATCTNNactacGAtgttgCCAGGGTTTTCCCAGTCACGAC
PlateNN25H,CCTACACGACGCTCTTCCGATCTNNactacGAcaactCCAGGGTTTTCCCAGTCACGAC
PlateNN26A,CCTACACGACGCTCTTCCGATCTNNgttacGAtaagcCCAGGGTTTTCCCAGTCACGAC
PlateNN26B,CCTACACGACGCTCTTCCGATCTNNgttacGAtgcacCCAGGGTTTTCCCAGTCACGAC
PlateNN26C,CCTACACGACGCTCTTCCGATCTNNgttacGActcagCCAGGGTTTTCCCAGTCACGAC
PlateNN26D,CCTACACGACGCTCTTCCGATCTNNgttacGAggaatCCAGGGTTTTCCCAGTCACGAC
PlateNN26E,CCTACACGACGCTCTTCCGATCTNNgttacGAcgaggCCAGGGTTTTCCCAGTCACGAC
PlateNN26F,CCTACACGACGCTCTTCCGATCTNNgttacGAaggagCCAGGGTTTTCCCAGTCACGAC
PlateNN26G,CCTACACGACGCTCTTCCGATCTNNgttacGAtgttgCCAGGGTTTTCCCAGTCACGAC
PlateNN26H,CCTACACGACGCTCTTCCGATCTNNgttacGAcaactCCAGGGTTTTCCCAGTCACGAC
